content_id,genre,language,release_date,duration
C00001,Thriller,Tamil,2025-08-28,
C00002,Documentary,Hindi,2026-04-04,90
C00003,Drama,Kannada,2025-11-28,75
C00004,Sports,Telugu,2024-03-04,75
C00005,Kids,Malayalam,2025-07-03,30
C00006,Documentary,Kannada,2025-02-23,75
C00007,Comedy,Kannada,2026-06-26,55
C00008,Romance,Bengali,2025-01-10,75
C00009,Thriller,Telugu,2025-06-08,145
C00010,Action,Kannada,2026-04-30,145
C00011,Drama,Bengali,2024-04-15,22
C00012,Sci-Fi,English,2026-03-26,22
C00013,Romance,Kannada,2024-12-06,30
C00014,Documentary,,2024-02-22,55
C00015,Comedy,English,2026-07-11,22
C00016,Thriller,Telugu,2024-07-08,145
C00017,Comedy,Bengali,2026-07-28,30
C00018,Sci-Fi,Malayalam,2026-05-29,42
C00019,Comedy,Malayalam,2024-10-13,42
C00020,Documentary,Tamil,2024-04-27,55
C00021,Romance,,2025-10-25,145
C00022,Sports,Kannada,2024-09-08,145
C00023,Documentary,Bengali,2024-04-06,30
C00024,Sci-Fi,Kannada,2024-04-03,75
C00025,Documentary,Hindi,2025-11-15,55
C00026,Romance,Hindi,2026-08-06,30
C00027,Action,Malayalam,2026-02-03,75
C00028,Action,Telugu,2025-10-31,30
C00029,Comedy,Tamil,2025-02-06,48
C00030,Drama,English,2024-04-19,30
C00031,Documentary,Bengali,2025-11-23,120
C00032,Romance,Hindi,2024-01-02,22
C00033,Sci-Fi,Kannada,2024-08-23,22
C00034,Sci-Fi,Telugu,2024-01-06,60
C00035,Romance,Tamil,2025-11-08,105
C00036,Comedy,Telugu,2024-12-16,75
C00037,Sci-Fi,Malayalam,2026-01-18,22
C00038,Kids,Kannada,2025-06-01,30
C00039,Documentary,Tamil,2024-03-26,145
C00040,Comedy,Kannada,2026-04-10,145
C00041,,Bengali,2025-12-15,
C00042,Thriller,Hindi,2026-05-11,55
C00043,Sci-Fi,Malayalam,2024-10-23,22
C00044,Sci-Fi,English,2025-07-12,55
C00045,Comedy,Malayalam,2025-11-11,90
C00046,Action,English,2024-10-26,48
C00047,Thriller,Tamil,2025-08-26,22
C00048,Kids,Malayalam,2025-04-23,30
C00049,Kids,Bengali,2025-11-28,90
C00050,Drama,Kannada,2024-03-28,22
C00051,Drama,Tamil,2024-07-02,60
C00052,Kids,Tamil,2026-04-13,48
C00053,Thriller,English,2024-02-27,42
C00054,Romance,Malayalam,2024-01-30,42
C00055,Drama,Hindi,2024-07-21,90
C00056,Action,Malayalam,2024-03-18,22
C00057,Comedy,Tamil,2026-08-07,55
C00058,Comedy,Bengali,2024-06-14,42
C00059,Romance,Telugu,2026-08-14,30
C00060,Comedy,Bengali,2024-11-10,48
C00061,Sports,Bengali,2025-09-16,75
C00062,Comedy,Malayalam,2026-06-13,60
C00063,Action,Kannada,2024-11-27,105
C00064,Action,Kannada,2024-04-08,22
C00065,Documentary,Hindi,2025-10-06,30
C00066,Sports,Telugu,2024-09-13,42
C00067,Thriller,Telugu,2024-03-04,90
C00068,,Bengali,2026-08-09,42
C00069,Action,English,2026-01-26,75
C00070,Drama,English,2024-10-05,30
C00071,,Tamil,2026-01-09,30
C00072,Thriller,Hindi,2025-02-24,42
C00073,Romance,Tamil,2025-01-06,105
C00074,Drama,Telugu,2024-10-06,42
C00075,Comedy,Malayalam,2025-04-12,90
C00076,Sci-Fi,English,2026-05-16,60
C00077,Thriller,English,2026-04-03,48
C00078,Sports,Bengali,2026-04-18,30
C00079,Thriller,Tamil,2024-11-19,105
C00080,Drama,Hindi,2024-06-24,55
C00081,Romance,Tamil,2024-09-30,42
C00082,Drama,English,2025-07-19,42
C00083,Thriller,Tamil,2025-01-25,55
C00084,Romance,English,2024-06-11,60
C00085,Kids,Hindi,2024-09-02,22
C00086,Romance,Telugu,2024-06-29,22
C00087,Thriller,Malayalam,2025-11-22,30
C00088,Sports,Tamil,2024-11-04,120
C00089,Sports,Hindi,2024-06-20,145
C00090,Thriller,English,2025-01-03,60
C00091,Thriller,Tamil,2024-12-08,75
C00092,Romance,Telugu,2026-01-22,30
C00093,Sci-Fi,Hindi,2024-12-01,22
C00094,Romance,Hindi,2025-08-24,120
C00095,Action,Tamil,2024-10-28,
C00096,Sports,Kannada,2024-11-10,145
C00097,Action,English,2026-06-02,60
C00098,Documentary,Hindi,2024-06-21,22
C00099,Romance,Tamil,2024-09-22,90
C00100,Thriller,Kannada,2026-07-26,60
C00101,Action,Telugu,2026-05-08,42
C00102,Comedy,Tamil,2026-03-21,48
C00103,Thriller,Telugu,2026-01-05,90
C00104,Documentary,English,2025-10-27,90
C00105,Thriller,Kannada,2025-11-05,48
C00106,Thriller,Telugu,2024-08-19,120
C00107,Drama,Tamil,2024-03-09,120
C00108,Romance,,2026-02-22,22
C00109,Sci-Fi,Telugu,2025-09-04,22
C00110,Comedy,Tamil,2026-02-08,90
C00111,Comedy,Telugu,2024-01-20,48
C00112,Thriller,Hindi,2025-07-10,75
C00113,Thriller,Malayalam,2024-05-20,55
C00114,Romance,Malayalam,2025-04-18,22
C00115,Romance,Bengali,2026-06-05,42
C00116,Drama,Tamil,2025-12-21,120
C00117,,,2025-07-29,42
C00118,Romance,Malayalam,2024-01-03,145
C00119,Comedy,Tamil,2025-06-01,145
C00120,Drama,Kannada,2025-10-23,105
C00121,Kids,Telugu,2024-11-17,55
C00122,Comedy,,2025-06-05,145
C00123,Kids,Malayalam,2025-07-19,22
C00124,Comedy,Tamil,2025-07-21,22
C00125,Drama,Kannada,2025-07-23,90
C00126,Kids,Malayalam,2024-04-14,42
C00127,Thriller,Hindi,2025-06-04,105
C00128,Kids,English,2026-01-13,48
C00129,Thriller,,2024-12-16,120
C00130,Sports,Kannada,2026-02-21,60
C00131,Sci-Fi,Kannada,2024-03-25,145
C00132,Sports,Kannada,2025-12-03,30
C00133,Kids,Telugu,2024-07-09,90
C00134,Kids,Malayalam,2026-04-07,90
C00135,Romance,Telugu,2025-07-25,55
C00136,Comedy,Hindi,2025-12-12,145
C00137,Comedy,Tamil,2024-10-04,30
C00138,Comedy,,2024-09-12,55
C00139,Comedy,Malayalam,2024-08-17,55
C00140,Action,Bengali,2024-11-13,90
C00141,Drama,Kannada,2025-10-09,105
C00142,Kids,Hindi,2026-01-06,145
C00143,Sci-Fi,Tamil,2024-02-03,60
C00144,Thriller,English,2024-02-04,55
C00145,Kids,Malayalam,2025-06-05,48
C00146,Sports,Malayalam,2025-05-21,75
C00147,Kids,Bengali,2026-05-02,90
C00148,Romance,Kannada,2026-05-31,90
C00149,Documentary,Hindi,2025-02-07,42
C00150,Romance,Kannada,2025-03-23,48
C00151,Action,Kannada,2025-03-17,22
C00152,Action,Telugu,2024-09-06,90
C00153,Documentary,Hindi,2024-09-29,105
C00154,Action,Hindi,2025-01-04,145
C00155,Drama,Kannada,2026-06-11,30
C00156,Romance,Kannada,2025-07-28,42
C00157,Thriller,Telugu,2024-02-23,42
C00158,Sports,Kannada,2024-08-17,145
C00159,Romance,Telugu,2024-09-09,
C00160,Documentary,English,2024-02-08,105
C00161,Romance,Bengali,2024-08-13,75
C00162,Sports,Hindi,2024-01-07,90
C00163,Kids,Kannada,2025-04-04,105
C00164,Documentary,Bengali,2026-06-10,90
C00165,Action,Bengali,2026-05-28,145
C00166,Sports,Malayalam,2024-06-23,90
C00167,Drama,Hindi,2026-05-05,90
C00168,Documentary,English,2025-09-15,30
C00169,Thriller,Tamil,2025-07-09,120
C00170,Sports,English,2026-08-02,30
C00171,Thriller,Telugu,2026-03-28,145
C00172,Documentary,Hindi,2024-02-05,48
C00173,Kids,Bengali,2025-11-22,30
C00174,,Telugu,2025-09-04,145
C00175,Romance,Kannada,2026-07-25,48
C00176,Kids,English,2025-07-14,120
C00177,Action,Malayalam,2025-10-26,75
C00178,Sci-Fi,Kannada,2024-01-19,60
C00179,Sports,Kannada,2025-04-23,55
C00180,Kids,English,2024-12-01,90
C00181,Sci-Fi,Bengali,2025-11-18,90
C00182,Action,Bengali,2025-10-20,55
C00183,Action,Bengali,2026-07-01,75
C00184,Comedy,Hindi,2024-11-18,120
C00185,Romance,Bengali,2026-03-27,55
C00186,Comedy,Telugu,2025-08-06,60
C00187,Drama,Tamil,2025-02-28,30
C00188,Action,Telugu,2025-12-18,75
C00189,Action,Hindi,2024-10-15,120
C00190,Documentary,Telugu,2026-02-01,75
C00191,Documentary,Bengali,2026-06-28,22
C00192,Romance,Telugu,2025-12-20,55
C00193,,Bengali,2024-01-04,48
C00194,Documentary,Kannada,2026-01-04,42
C00195,Documentary,Tamil,2024-10-05,30
C00196,Thriller,English,2024-07-04,90
C00197,Romance,English,2026-07-19,55
C00198,Romance,Telugu,2025-11-08,60
C00199,Romance,Malayalam,2024-07-04,55
C00200,Kids,,2026-06-12,60
C00201,,Hindi,2026-06-22,22
C00202,Action,Kannada,2025-12-17,22
C00203,Sports,Hindi,2024-03-23,42
C00204,Sports,Tamil,2025-07-07,55
C00205,Documentary,Kannada,2026-04-02,22
C00206,Comedy,Telugu,2024-10-28,145
C00207,Action,Bengali,2024-05-26,145
C00208,Action,Telugu,2025-05-16,120
C00209,Documentary,Kannada,2025-07-17,60
C00210,Kids,Telugu,2025-06-30,30
C00211,Drama,Hindi,2026-03-15,42
C00212,Sports,Bengali,2026-01-23,55
C00213,,Hindi,2024-06-08,75
C00214,Action,Telugu,2024-12-09,48
C00215,Kids,Telugu,2026-03-27,48
C00216,Kids,Malayalam,2024-06-26,105
C00217,Romance,English,2024-06-30,75
C00218,Drama,Tamil,2025-06-24,42
C00219,Sports,Hindi,2025-11-17,55
C00220,Kids,Bengali,2025-06-15,120
C00221,,English,2024-07-03,42
C00222,Action,Bengali,2024-08-09,48
C00223,Documentary,Hindi,2024-11-21,48
C00224,Comedy,Tamil,2024-06-22,42
C00225,Drama,Bengali,2026-01-22,30
C00226,Drama,Hindi,2024-06-16,75
C00227,Kids,Telugu,2024-04-02,22
C00228,Comedy,Kannada,2024-03-08,90
C00229,Documentary,Malayalam,2024-01-16,30
C00230,Comedy,Telugu,2024-11-15,30
C00231,Thriller,Hindi,2025-06-30,120
C00232,Comedy,Hindi,2025-03-06,22
C00233,Sports,Kannada,2024-09-06,120
C00234,Thriller,Telugu,2026-06-04,105
C00235,Comedy,Bengali,2026-06-17,30
C00236,Kids,Hindi,2024-10-24,22
C00237,Action,Bengali,2026-04-14,55
C00238,Comedy,Hindi,2026-02-22,22
C00239,Sports,Malayalam,2026-07-04,90
C00240,Romance,Malayalam,2024-06-15,42
C00241,Sports,Tamil,2025-10-20,42
C00242,Kids,Hindi,2025-09-25,48
C00243,Sports,English,2025-12-24,30
C00244,Kids,Hindi,2026-02-09,30
C00245,Documentary,Telugu,2024-03-04,60
C00246,Sports,Tamil,2024-06-28,30
C00247,Documentary,Tamil,2026-07-21,75
C00248,Romance,Hindi,2026-05-10,55
C00249,Documentary,Bengali,2025-10-26,75
C00250,Comedy,Bengali,2026-01-08,48
C00210,Kids,Telugu,2025-06-30,30
C00036,Comedy,Telugu,2024-12-16,75
C00032,Romance,Hindi,2024-01-02,22
C00218,Drama,Tamil,2025-06-24,42
C00052,Kids,Tamil,2026-04-13,48
C00113,Thriller,Malayalam,2024-05-20,55
C00249,Documentary,Bengali,2025-10-26,75
C00107,Drama,Tamil,2024-03-09,120
C00197,Romance,English,2026-07-19,55
C00002,Documentary,Hindi,2026-04-04,90
C99999,Unknown,English,2026-13-40,-15
content_bad,Drama,Hindi,not-a-date,90 min
